id,boardUuid,boardName,created_at,updated_at,created_by,updated_by
1,205ff567818fdec2.13744585,eyJpdiI6Imwwcy9tYjBzdFhZb0JWeGJNRWZjQUE9PSIsInZhbHVlIjoiajZZelhIcUppUHFTcVVZTjNnUDYwUT09IiwibWFjIjoiNjI5N2ExN2ZiMjQyZTQ4MjdlYzE0MTkwMGEzNzQ4YzA4Y2E5OWM1YjI5OTMwYTdhZDgwYWY4ODIzNjVmZDMxNCJ9,2021-01-06 07:32:17,2021-01-06 07:32:17,ebb4f194-2fb6-43e1-81f5-a8388c4104c3,ebb4f194-2fb6-43e1-81f5-a8388c4104c3
2,205ff5c9a6d6a033.38127017,eyJpdiI6IjBidWNWdmZMU004YTFjWW9ndnBiRWc9PSIsInZhbHVlIjoiNEJRQnFrZlpHOVNYZFZlWm5DL05PSUFPSU5jZUlkRGdITEsvSGxraGc1QT0iLCJtYWMiOiIxYjYwMTdkMjlhZDNkZmE5MmFlNDNhNDEyY2NhMzRkMTBiNzc0NGM4ZDY4NGY0NTg0MDJlOTczMjdjYzIzNDkyIn0=,2021-01-06 14:31:02,2021-01-06 14:31:02,ebb4f194-2fb6-43e1-81f5-a8388c4104c3,ebb4f194-2fb6-43e1-81f5-a8388c4104c3
3,205ff5c9a8c146c3.52821350,eyJpdiI6IjV6QlozWUMzYkdLeFg3OXFvL1ljeWc9PSIsInZhbHVlIjoiTFJsVGM3UEl5QlJ5U2d2VGl5UEtydz09IiwibWFjIjoiNmYzZTNlNTVlMzkyYWRkNjFiMWRkZGVmMDNkNTFmMzNkOGNlMTU2ZDdkMTY0NWEzZDJlYjhmNDgwNGY5YWRhZSJ9,2021-01-06 14:31:04,2021-01-06 14:31:04,ebb4f194-2fb6-43e1-81f5-a8388c4104c3,ebb4f194-2fb6-43e1-81f5-a8388c4104c3
4,205ff5c9b11b2317.80420215,eyJpdiI6InU0UmZzV3VEbGkxSE1NYjlNOW44aGc9PSIsInZhbHVlIjoib2huUGRKQlNUeWo5d05GcTM1aXlEZz09IiwibWFjIjoiMmQ3OWY2MWE3Njc1M2I2MDA0YzUwZmZhYjJjMTQ1MjhiYmQyNzc2ZTNiMWYwZjI1OWYyZjc1NzhlODczMmU1MyJ9,2021-01-06 14:31:13,2021-01-06 14:31:13,ebb4f194-2fb6-43e1-81f5-a8388c4104c3,ebb4f194-2fb6-43e1-81f5-a8388c4104c3
5,205ff5c9b6b8b3a8.62696214,eyJpdiI6Ild6bTN5N2taNWhiYXJGRXpzMWoyUGc9PSIsInZhbHVlIjoiQ28vWk1HZ1Ewem1NcXlrT2RMSDJyeE1EdmozOWZDU21ZY2hzeDR4MHVrWT0iLCJtYWMiOiI3ZDk3MmI2ZWU1MmU0MjAyM2IxODk4NDdlODE2YWVlN2MxMDhjODUxNzQ0NjhiODNmZTEzOWRhYjRkODdkYmQzIn0=,2021-01-06 14:31:18,2021-01-06 14:31:18,ebb4f194-2fb6-43e1-81f5-a8388c4104c3,ebb4f194-2fb6-43e1-81f5-a8388c4104c3
6,205ff5cf747be0b1.20953170,eyJpdiI6Ijhxci9vcER1ZXFOV29SUDRlMXdMSlE9PSIsInZhbHVlIjoiUXM0dTFQdjZJbTJyRldVVERoeUMxRkV3OE0zRkhNWjNPeGc5R2xtOTRpUT0iLCJtYWMiOiJhOGZmZDE2NGNmZDk2MzRjMzZiNTgxMDU2YTRhYzg0OGRjOTdjYTg3YWEzNmY1OTU5ODgyMTQ5MThkODRlNDUxIn0=,2021-01-06 14:55:48,2021-01-06 14:55:48,ebb4f194-2fb6-43e1-81f5-a8388c4104c3,ebb4f194-2fb6-43e1-81f5-a8388c4104c3
7,205ff5cfd9b25fa1.59863599,eyJpdiI6InRFZmZidTVmaGViUWRDUlJadnFJWEE9PSIsInZhbHVlIjoiczdhK2IrT1BtRTV5NkxFSTdqM1d2QT09IiwibWFjIjoiODBlMmU3ZWNkOTMyZmM4M2IyNDA1NWJlZmE5ZGMxYzNiYWQ1MzM4NzA2YWUzYjg0ODJhM2M3YzBkMGRmMTllMiJ9,2021-01-06 14:57:29,2021-01-06 14:57:29,ebb4f194-2fb6-43e1-81f5-a8388c4104c3,ebb4f194-2fb6-43e1-81f5-a8388c4104c3
8,205ff5cfe360c6f8.27739813,eyJpdiI6IlVCRlB5TUlLNU4rdGpxT2xNTGNkdGc9PSIsInZhbHVlIjoieUFoR0k5alVyeU5iNUxJd3E3K2IyQT09IiwibWFjIjoiNWNlNjc3NzYwNzU1M2M0OTdiYzJjN2NmMTRkNzU4NWUxNTUwMDMyN2Q4MzM1YjY0YTNhNWUxZTJkOGIwMzJlNCJ9,2021-01-06 14:57:39,2021-01-06 14:57:39,ebb4f194-2fb6-43e1-81f5-a8388c4104c3,ebb4f194-2fb6-43e1-81f5-a8388c4104c3
9,205ff5cfec00d961.39419317,eyJpdiI6ImM1MFZ4NUs4Q2tNR014RkdqZDVsS1E9PSIsInZhbHVlIjoiTVpHMDlTNGdFNGN6ZVBwUU9EazB2dz09IiwibWFjIjoiYTAzYzhmMjdlZTUyNDYwMDJhMGU4NGY3OWJlYTg5NTFmYzQ0OTNiZjc1OTI3ZDdkNDQxYjAzZGQ0MzY2OWI5MSJ9,2021-01-06 14:57:48,2021-01-06 14:57:48,ebb4f194-2fb6-43e1-81f5-a8388c4104c3,ebb4f194-2fb6-43e1-81f5-a8388c4104c3
10,205ff5d19e2b2500.05950540,eyJpdiI6InhRdHVzczI3c2xpTzZveW5QSXhSd3c9PSIsInZhbHVlIjoiUU90dzVwZGJZeURUY1psRFRyeVVTQT09IiwibWFjIjoiNWVjYjZmNWM4YzgzNWNkOWE4MThlNWJhZWY2Y2Q3N2YxOGE0OGMxZWZiOGJhOTk2MjU4NzEyNGYzNDVkMWFmMSJ9,2021-01-06 15:05:02,2021-01-06 15:05:02,ebb4f194-2fb6-43e1-81f5-a8388c4104c3,ebb4f194-2fb6-43e1-81f5-a8388c4104c3
11,205ff5d510cbf6c2.13878078,eyJpdiI6IlNhcWZMdXlMVW5RcGQyYkEvdDRCR0E9PSIsInZhbHVlIjoieGI2b0doSGNCNXdBUmY1SmxzRUFkQT09IiwibWFjIjoiZmVkNzkzMzNjNWI2NTQ3MDI3M2VmODkyNGIyYmYwNjZlZjZiNWIyMTUzYjg2NzY1ZWE3NGNiNDgwZDFkNDVlYSJ9,2021-01-06 15:19:44,2021-01-06 15:19:44,ebb4f194-2fb6-43e1-81f5-a8388c4104c3,ebb4f194-2fb6-43e1-81f5-a8388c4104c3
12,205ff5db89004282.83783112,eyJpdiI6IjhPT3YzUTFvZW8rWGlzWWxBVHNLWkE9PSIsInZhbHVlIjoiTmNrNGV1Y0dKbVFiMWNQbGRXQk5Vdz09IiwibWFjIjoiYTdjZDg0MmJkMmVkODczNTZmYTE2YTJhODNlN2Y1ZTE0NjY2NTg3ZWRlMzhmZTJlYjA2M2EzNWE0YjE4NTQ5MCJ9,2021-01-06 15:47:21,2021-01-06 15:47:21,ebb4f194-2fb6-43e1-81f5-a8388c4104c3,ebb4f194-2fb6-43e1-81f5-a8388c4104c3
